{
    "Version": "2012-10-17",
    "Statement": [
        {
            "Action": [
                "s3:ListAllMyBuckets",
                "s3:GetBucketLocation",
                "s3:ListBucketMultipartUploads",
                "s3:ListBucket"
            ],
            "Resource": [
                "*"
            ],
            "Effect": "Allow"
        },
        {
            "Action": [
                "s3:ListAllMyBuckets",
                "s3:DeleteObject",
                "s3:GetAccelerateConfiguration",
                "s3:GetBucketAcl",
                "s3:GetBucketCORS",
                "s3:GetBucketLocation",
                "s3:GetBucketLogging",
                "s3:GetBucketNotification",
                "s3:GetBucketPolicy",
                "s3:GetBucketRequestPayment",
                "s3:GetBucketTagging",
                "s3:GetBucketVersioning",
                "s3:GetBucketWebsite",
                "s3:GetLifecycleConfiguration",
                "s3:GetObject",
                "s3:GetObjectAcl",
                "s3:GetObjectTorrent",
                "s3:GetObjectVersion",
                "s3:GetObjectVersionAcl",
                "s3:GetObjectVersionTorrent",
                "s3:GetReplicationConfiguration",
                "s3:ListBucket",
                "s3:ListBucketMultipartUploads",
                "s3:ListBucketVersions",
                "s3:ListMultipartUploadParts",
                "s3:RestoreObject",
                "s3:PutObject",
                "s3:PutObjectAcl",
                "s3:PutObjectVersionAcl"
            ],
            "Resource":
                ${s3_read_write_list}
            ,
            "Effect": "Allow"
        },
        {
            "Action": [
                "s3:ListObject",
                "s3:GetObject",
                "s3:GetObjectVersion",
                "s3:ListBucketVersions"
            ],
            "Resource":
                ${s3_read_list}
            ,
            "Effect": "Allow"
        }
    ]
}
